recipient,contract
0x768cd626de337f559d2b40c1e9826917a0b0ba57,0xe872dc42c05bff15a0e00d901aea823ac6a087b8
0xfd2a175cfaa14344a0e896179765f6d83f7c1977,0x4404c8ef77c5a96fe4b2b8c24955b30fb4f1b17c
0xfd2a175cfaa14344a0e896179765f6d83f7c1977,0xeec851202024ac555561431d345ea10286b0dd45
0xe192d77e0f83e54d2a9a301257682ded62c19f6c,0x17cab224460e93bbd5222573a4c96cf77b897b2a
0x2846ac90aa940998082e4a618139d247ab2e71f2,0xbe8f7ed17749a9302a4a3be576646b1e9124b99c
0x2846ac90aa940998082e4a618139d247ab2e71f2,0x9edd8126df3985c734d96c515bd59d4e0978bd90
0xf9ce34dfcd3cc92804772f3022af27bcd5e43ff2,0x3d436d2d1d2754dfdcafef9e74b939b63bdea903
0x01d452b18de861806b9a426b2cd01dfd4d8879da,0x3110907832c3b859e463f709f99865edbf193571
0x01d452b18de861806b9a426b2cd01dfd4d8879da,0x4cf7c2a5a01c69a014e54a41c72995525dfd01a3
0x24f2c443642649869acba5c1a9cea27b04ba004e,0xcf0f83538bf02c14ecc7468a8af7f453f18637a0
0x24f2c443642649869acba5c1a9cea27b04ba004e,0xb09eff5bc43aeb45b892efb28703bb12092b07fb
0x24f2c443642649869acba5c1a9cea27b04ba004e,0x0fc20916974112f840c1818d04621a75719c3b36
0x514322ff22736572a39b2ea54e84ffc5ebf78f2c,0xc67bcaebbbd8bf73f6ca45bdd71829e0a7680d0a
0x514322ff22736572a39b2ea54e84ffc5ebf78f2c,0x06aea2d0310a82e031be4da0c4b99b96a063d75b
0x7465646377c5ee1a8c46fe4017026dc26513b56c,0x2280fc5a91373a5a3cc21758eaf7316b9fbcada6
0x7465646377c5ee1a8c46fe4017026dc26513b56c,0xfbed3216df06c5bb7ea1862ff028fb6f2d4f366b
0xf0ee64172b8dd8217d55447025c4beb39b6f34a7,0x827b092aadbe7117e02ffce41f904ab8d28231a0
0xd895b451349a5138b962fa5cf76610ccfe1f0030,0xbb4f43c328b1b9e9b14f2979f0c5b31bb5285cfa
0xd895b451349a5138b962fa5cf76610ccfe1f0030,0x3a92d6cc34ba325d0ff8d2024323861dddc73742
0xd895b451349a5138b962fa5cf76610ccfe1f0030,0xf9e68717f0355bdb8fc39eed6b6ea02f9df985e2
0x658e1b019f2f30c8089a9ae3ae5820f335bd9ce4,0x88eb8882a59429f573e4867adf72cba72bd744fc
0xe0537ea8f1d5a304635ce05d6f6b0d71fcfab3a1,0x2bddda9684f267e1be5efbd77f4f2af56d5dd619
0xe0537ea8f1d5a304635ce05d6f6b0d71fcfab3a1,0x9371f8877b79bd61295046322b3c516060e13a4f
0x5e00c69e0e5bf737214172662a22bc0d3d907fae,0x9d14b398b13b653c9f29b9cfd00e87a1dc95c3c7
0x5e00c69e0e5bf737214172662a22bc0d3d907fae,0x0e209b38ee818444912844e8f8c6899ec93abb3d
0x97a8131e4d571431e937d8712ab67ac83ee02c2d,0x874bd218e6cc08b972a92401058d29314bd9ae4c
0x7380c1ed753ad1626bf8f3d7d445f5525a2f773b,0xc6e5a668e1050dc37d5092efa99f1e11ff5de13c
0x16e5ad2f9697caf4b0f0deb25ff1121a01cbd2c7,0xdb1b77e63cfd3d5aa6a1b1816004f29d54fbfc5b
0x16e5ad2f9697caf4b0f0deb25ff1121a01cbd2c7,0x85c3e26dafa09f0e3e299062fb5c682b5def7331
0xc06fa6893c2d9819328972f1c912c159c8c92290,0x68512cb65603155ddbc31b7d25fa1825663b83ca
0x2eb9aff015d96e41c5cccec43a63ae414ac9fe3b,0xa9c366f1621f5c3199e6eaed1d8a67f446c62525
0x688390820b57cd65c1f76b5509ba28f79a343343,0x0ee2cc965182f16cf13f9aa26f05a2050e18298d
0xec06c4577aa7c4e3abeafc6a7cb0e2da7b61ed49,0xf2fcc5b3c9f4b9dd6f327161369461d1f1e5fad6
0x91323bb42e717c6096144ba7e23ffc66d7661f5d,0xcbba77f75821b418531a515c9c3d6c7009bd091f
0x8ddb7393f5b9c78d7de403e4dc1d9d93691d02ed,0x67baaf9c29dbc3b9808472f6849ffd406b198e91
0x07a14b1ac8b84aab9438afe4cf5965d116d62941,0x7ed46eb700cb6fe5bda9b079c170b4c0ed292ac1
0xa6c49067919d92d5db655af190111d480ee1b9a4,0xa5bf622dfb981297f6d60b98089a55eb2d8d1c3d
0x479db1febf060a5bfdde5d84e0fb00aaccc24004,0x267f37a233f04a9ca268c666118f7fc6adf939b8
0xca2a58f421c027e98d41bcb8c4ae019f610dd000,0x67ffd51f042d0a73be5cdb72188dbf9fd6d79970
0x347dc91a32bc00e6fb38e2b4380e6a1c0fbca254,0x4f5321c71311f18ce977f6f1606e446c2ce0b23f
0xf191de80836fc3878462dfcc06c90769823c7602,0x26a611b5a24291b15460741ee504b63b281ff345
0x3e7c4e57a1dc4dd4bbe81befbe3e437f69619dab,0x597e2254c627107dfaa295bdf3f4df29df1957dd
0xa547a35176fb8f8744f69c999c808c97a4efde22,0x31f1f8bd232e3415a7b59dc1547ab6b6567af57a
0x0810b584eba735adea46ebecdfbe36346daab0b5,0x6277b9eaf7fb3dcefd2d6c385efe27f8f07b5d05
0x6536c85a50e18860ff1d2ffebf5537ec18aadfa3,0x2e8c950c0e9bd8e2a84db0d265bae5380a5aa131
0xcf7d9886c8d391e730897faf878a30214db23a15,0xb43b64c143c0d7c55a467a831f26ec5104d6fe02
0x452c996798b65eeaa61b493a0b25bceddcb17ec1,0x6fa266ca2ec3452b630c7740a2107e22adbd439b
0xdb2ed12cec14128bcbed76ae1edc2e6bbc529a8f,0x5922f7b5744f855f44b2706e5c089cfb854857fa
0x35b56618aad07af51a3fb4b80cafec6b1175b886,0x03875436c458717605c4d480138ce1474bb663e9
0xc94cb528766f3a5913eb73371a655c7000c07d65,0x473121caed8247fe33ee3ac6f632e4681cebdd94
0xf5fb27b912d987b5b6e02a1b1be0c1f0740e2c6f,0xb837f801733876eed041483374ac0e6cc4005d59
0xb7d5b256cf269be543dce1b9272905cce756f2f3,0x800f12520c07b5029b4af1606b353bd02d785e4d
0x9f912f6e0c5cdceda6060e02b8b59a16619fc737,0x06a84608e8f1d270795c8a57aa9bc48dffbb6094
0x6f7c780fcc169ff1fab3a99c8c056cad3e5e69aa,0x3541d2445f541addb5adf1b44b9b05f43a27ded9
0x53c61cfb8128ad59244e8c1d26109252ace23d14,0x9b0634aec1879e90845f507b4f1fdc05349531fd
0x707b8f3075521ee750c25ac3ba9a0b9b85e370c4,0xea3bf5a9dd87c0f9d0d4a881f4bfee52ac6ec18f
0xd901a220cc48a9d92f69006ab762d7be587d617c,0x3420fdaf652bd5c49a60b96217b47d517af878f0
0xbbfddec7ee3501ac36c7450ffc6b683de9c7e6a6,0x95410e08ab485dfe61d9cd5599ed419328d5dc5f
0x84a1c94de422cd1a8dc6d8cb819f57403fb93d58,0x74acaeaf46df8a90ddb5491faacd64e53e22cfa0
0x4b08b69026aa6549529dc782a9b034917a4789d2,0x6bee7bca3cf3d119856b7dec77bbe011d5f5aa69
0x72b824a543948ddefedf3cf8d6c8659848ba429a,0x3fa1cd98eb3a5c2f60b3ffa66bc51a7e9da24d11
0x3a3ee61f7c6e1994a2001762250a5e17b2061b6d,0xb1bd4cd206d22d77c267b7bf9f05facfa19c905c
0x20503760363657e55dc817a5bc92d297cdefaa12,0x0c34cd423e46fa9e3934b961a3ad546a36caffc9
0x9d07e3406d3e7ec5e19b6804f6f821f684c9339c,0x1411319f0d7630eab50bd06b14ae718992bf36b4
0x093aade94338574ce4923f2aabc8aa0a8e323ad7,0x8791e6b8ab8805b8fa045280a4774eeb39ee6338
0x2720d2c0dc3505e44ce8b76d27b7d06b6cb09493,0x76d9a52751264766db7caea8c3182df9894de69a
0x2538de1b9c5bc4accb26b2ab66e775fe311d8a73,0x6471244165b37bf94fc63351f3817f0ffade6ba5
0x395605f350c448c3e5102213022c3e976140ed25,0x54a4853564275018d52f134a0d16b5da5eb7ef51
0xcaa0293250a239d7d7bd6bc0e365ffcba73da069,0xc3d42cb5a33fe801cbc13d69b7d0aa8e46944734
0x9506e3a899fd5f7650dc9ff61946cdce210dc44b,0x96d55eb026d1628d0d009c25246fde11a9a3a706
0x9db8cb8ddec721aa2ec51e5417af862132e7ba08,0x2389024383e6c71d3e80eb779cc680af78c46fd9
0x1e798ce592be5069e8e773c54f9c12d3583cdc68,0xfb1d84f561863a8dd8b09ec92f8d78b3cb19132e
0x646b1f22863ee983ef5bd756013f86ad6172f20c,0x1a35ea7945c2d39a45392aa85fb8add220fd0f8a
0x34d57c275187f89f6f3a619a113456c4fa4dc173,0x75aa566fed02e03f41c3716396298b03f30e9746
